name,gender,locale
john,m,en
johnny,m,en
jack,m,en
liam,m,en
noah,m,en
michael,m,en
benjamin,m,en
james,m,en
joseph,m,en
charles,m,en
matthew,m,en
andrew,m,en
lucas,m,en
daniel,m,en
dylan,m,en
ravi,m,en
henry,m,en
william,m,en
oliver,m,en
george,m,en
thomas,m,en
arthur,m,en
theodore,m,en
leo,m,en
sebastian,m,en
samuel,m,en
alexander,m,en
david,m,en
edward,m,en
oscar,m,en
maxwell,m,en
luke,m,en
nathan,m,en
ethan,m,en
jacob,m,en
mason,m,en
logan,m,en
emma,f,en
olivia,f,en
maggie,f,en
ava,f,en
sophia,f,en
isabella,f,en
amelia,f,en
mia,f,en
charlotte,f,en
abigail,f,en
emily,f,en
hannah,f,en
elizabeth,f,en
katherine,f,en
lilly,f,en
sarah,f,en
grace,f,en
chloe,f,en
lily,f,en
aria,f,en
zoe,f,en
nora,f,en
victoria,f,en
scarlett,f,en
madison,f,en
aubrey,f,en
layla,f,en
ella,f,en
alex,u,en
sam,u,en
taylor,u,en
jordan,u,en
jamie,u,en
charlie,u,en
casey,u,en
robin,u,en
lee,u,en
kim,u,en
ryan,u,en
skyler,u,en
micah,u,en
phoenix,u,en
finley,u,en
angel,u,en
jonas,m,de
leon,m,de
paul,m,de
luca,m,de
maximilian,m,de
finn,m,de
felix,m,de
niklas,m,de
julian,m,de
jan,m,de
karl,m,de
friedrich,m,de
franz,m,de
matteo,m,de
timo,m,de
till,m,de
yannic,m,de
erik,m,de
albert,m,de
hans,m,de
johann,m,de
johannes,m,de
georg,m,de
moritz,m,de
anton,m,de
lukas,m,de
benjamin,m,de
louis,m,de
anna,f,de
marie,f,de
sophie,f,de
sofia,f,de
maria,f,de
mia,f,de
lea,f,de
lena,f,de
sophia,f,de
amelie,f,de
emilie,f,de
paula,f,de
lara,f,de
laura,f,de
lina,f,de
leonie,f,de
emilia,f,de
johanna,f,de
klara,f,de
clara,f,de
frida,f,de
frieda,f,de
greta,f,de
helena,f,de
helene,f,de
lotte,f,de
charlotte,f,de
melina,f,de
carla,f,de
karla,f,de
antonia,f,de
theresa,f,de
teresa,f,de
elisabeth,f,de
lilly,f,de
lilli,f,de
hanna,f,de
franziska,f,de
sascha,u,de
sasha,u,en
toni,u,de
kai,u,en
noa,u,de
remy,u,en
marin,u,en
nic,u,en
franzi,u,de